title,description,event_types,event_audiences,event_languages,event_page,location_name,location_details,start,end,featured,cancelled,recurring,registration_starts,registration_ends,registration_closed,registration_status,location_address,location_zip,location,day_of_the_week,event_id
Mather's Grow-It-Together Garden Club In-Person Viewing,"<p>This event is an in-person screening of the Grow-It-Together Garden Program.<br><br>This online garden club is for adults 50 years and older who are interested in hydroponic gardening. Join others to learn tips from a Mather coach who will discuss a variety of garden topics and answer any questions that come up during the growing process. Experience the simple joys of gardening with fresh herbs and vegetables in the comfort of your home with our Grow-It-Together (G.I.T.) Garden Kits. You can learn more about the program by visiting this <a href=""https://www.eventcombo.com/ms/ev/73702/Mathers-Grow-It-Together-Garden-Kit-With-CPL/home?eventRoleId="">link</a>.&nbsp;<strong>Registration for kits is currently open.</strong> You can still attend these club meetings even if you do not have a kit. Several branches will have in-person viewing opportunities, and this event page will be updated as more branches confirm:<br><br></p>
<ul><li>Garfield Ridge, 6348 S Archer Ave, Chicago, IL 60638</li><li>Richard J. Daley, 3400 S Halsted St, Chicago IL, 60608</li><li>North Pulaski, 4300 W. North Avenue, Chicago IL, 60639</li><li>Budlong Woods, 5630 N Lincoln Ave, Chicago, IL 60659</li><li>Humboldt Park,1605 N Troy St, Chicago, IL 60647</li><li>West Pullman, 830 W. 119th Street, Chicago, IL 60643</li></ul>
<p><a href=""https://www.mather.com/"">Mather</a> is a non-denominational 
not-for-profit organization dedicated to creating Ways to Age Well℠. 
Their thoughtfully designed initiatives help spark creativity and 
curiosity, prompt meaningful connections and conversations, and, most 
importantly, foster a powerful sense of community with ever-changing 
options that can be accessed in communities across the country.<br><br></p>
<figure><img src=""https://chipublib.bibliocommons.com/events/uploads/images/full/c07c7c18e16b9fbaf8a8ab41f13f3879/image.png"" data-image=""675ca83efea9b97171fab240"" width=""264.4"" height=""64"" style=""width: 264.4px; height: 64px;""></figure>
<p><em><br></em></p>",DIY | Health and Science,Seniors (Seniors: 55 and up),English,Event Page: Mather's Grow-It-Together Garden Club In-Person Viewing (https://chipublib.bibliocommons.com/events/684c8b963159392f0058e8c8),West Pullman,,2026-07-08T13:00:00.000,2026-07-08T14:00:00.000,FALSE,FALSE,TRUE,,,FALSE,NOT REQUIRED,830 W. 119th Street,60643,POINT (-87.643279 41.677937),Wednesday,684c8b963159392f0058e8c8
Marshall's Crocheting Circle,"<p>Do you know how to crochet, or do you&nbsp;want to learn how to crochet? Participants will learn stiches, patterns, new tips, and new tricks. New projects will be started and bring your current work in progress projects. Crochet hooks and start-up yarn will be provided and please bring your own material if you have some. Beginners, novice, and experienced crocheters are welcomed.<br></p>

<p><strong>Accessibility</strong><br>Need sign language interpretation or other accessibility assistance for this event? Please call (312) 747-8184 or email <a href=""mailto:access@chipublib.org"" target=""_blank"" rel=""noreferrer noopener"">access@chipublib.org</a> to request accommodations. Requests must be made at least 14 business days before the event.</p>","Crafts, Games and Play",Adults (Adults: 18 and up),English,Event Page: Marshall's Crocheting Circle (https://chipublib.bibliocommons.com/events/68cdb7126df9ca153ebb964e),Thurgood Marshall,,2026-04-25T11:00:00.000,2026-04-25T12:30:00.000,FALSE,FALSE,TRUE,,2026-04-24T23:00:00.000,FALSE,ACTIVE,7506 S. Racine Avenue,60620,POINT (-87.654083 41.757383),Saturday,68cdb7126df9ca153ebb964e
Adult Game Night,"<p>Join us for a fun-filled night of smooth jazz and&nbsp;playing chess, checkers, cards and other fun games! Be sure to bring your own snacks (BYOS).&nbsp;<br></p>
<p><strong>Accessibility</strong><br>Need sign language interpretation or other accessibility assistance for this event? Please call (312) 747-8184 or email <a href=""mailto:access@chipublib.org"" target=""_blank"" rel=""noopener noreferrer"" data-auth=""NotApplicable"" data-safelink=""true"" data-linkindex=""1"">access@chipublib.org</a> to request accommodations. Requests must be made at least 14 business days before the event.</p>","Crafts, Games and Play",Adults (Adults: 18 and up),English,Event Page: Adult Game Night (https://chipublib.bibliocommons.com/events/690cc6579b87934100946e4d),Wrightwood-Ashburn,,2026-12-02T17:00:00.000,2026-12-02T19:00:00.000,FALSE,FALSE,TRUE,,,FALSE,NOT REQUIRED,8530 S. Kedzie Avenue,60652,POINT (-87.702283 41.738396),Wednesday,690cc6579b87934100946e4d
The Short of It: A Short Story Book Club,"<p>A different kind of book club focusing on narratives that can be read in a single sitting. Short stories are a great way to explore genres, authors, and ideas without the commitment of a longer book. Read a unique story every month and meet virtually with other adults for discussion.&nbsp;<br></p>
<p><strong>This month's story is ""Detective Dog"" by Gish Jen from&nbsp;<a id=""ember7140"" data-add-title-link=""2387425126"" href=""/item/show/2387425126""><em>Thank You, Mr. Nixon</em></a>.&nbsp;It is also available to read from&nbsp;<a href=""https://www.newyorker.com/magazine/2021/11/22/detective-dog"">The New Yorker</a>'s website (limited number of free articles) or available to listen <a href=""https://www.wnyc.org/story/gish-jen-reads-detective-dog/"">here</a>.</strong><br></p><p><em>""Detective Dog,"" [is] about a Chinese American family living in New York. Betty and her husband, Quentin, used to live in Hong Kong, then decamped to Vancouver, Canada, where they found the racism unbearable, thus moving to the States to start new lives. </em><br><br><em>Their older son, 16-year-old Theo, wishes he were back in Hong Kong to participate in the protests that are gripping the country; he resents his parents, who pass on words of advice from Betty's mother: ""No politics, just make money. See nothing, hear nothing, say nothing.""&nbsp;</em><em>--</em><a href=""https://www.npr.org/2022/02/01/1077296906/thank-you-mr-nixon-is-a-collection-written-with-intelligence-wit-and-grace"">NPR Book Reviews</a></p><p><br></p>

<p><strong></strong><strong>How to Attend</strong><strong></strong><br>
This event takes place on Zoom. Register at least 24 hours before the event.&nbsp;Only one registration per household is needed. You’ll receive an email with a link to the secure Zoom meeting about 24 hours before the meeting. Automatic transcription is included in all CPL events using Zoom.</p>
<p><strong>Accessibility</strong><br>
Need sign language interpretation or other accessibility assistance for this event? Please call (312) 747-8184 or email <a href=""mailto:access@chipublib.org"">access@chipublib.org</a>
to request accommodations. Requests must be made at least 14 business days before the event.</p>
<p><strong>Attending CPL Online Events</strong><br>
Questions about attending online events? Check out our <a href=""https://www.chipublib.org/faq/services/#events-2"">Events FAQs</a>.</p>",Book Clubs,Adults (Adults: 18 and up),English,Event Page: The Short of It: A Short Story Book Club (https://chipublib.bibliocommons.com/events/691502bac313c23700e1d860),,,2026-05-06T18:00:00.000,2026-05-06T19:00:00.000,FALSE,FALSE,TRUE,,2026-05-06T18:00:00.000,FALSE,ACTIVE,,,,Wednesday,691502bac313c23700e1d860
Open Play Time,"<p>Drop in for open play featuring a mix of activities and social time for kids and their caregivers.&nbsp;</p>
<p>For children 0 to 5 and their&nbsp;families. Children must be accompanied by an adult.&nbsp;<br></p>
<p><strong>Accessibility<br></strong>N<strong></strong>eed sign language interpretation or other accessibility assistance for this event? Please call (312) 747-8184 or email&nbsp;<a href=""mailto:access@chipublib.org"" target=""_blank"" rel=""noreferrer noopener"">access@chipublib.org</a> to request accommodations. Requests must be made at least 14 business days before the event.<br></p>","Crafts, Games and Play",Babies (Babies: 0 to 18 months) | Preschoolers (Preschoolers: 3 to 5 years) | Toddlers (Toddlers: 18 to 36 months),English,Event Page: Open Play Time (https://chipublib.bibliocommons.com/events/691b8590a6fedec953098c66),Blackstone,"Auditorium, lower level.",2026-04-21T10:30:00.000,2026-04-21T11:30:00.000,FALSE,TRUE,TRUE,,,FALSE,NOT REQUIRED,4904 S. Lake Park Avenue,60615,POINT (-87.590304 41.805939),Tuesday,691b8590a6fedec953098c66
Adult Book Club,"<p>Join our book club for a discussion of a different book each month. </p><p><strong><strong>Accessibility</strong></strong><br>Need sign language interpretation or other accessibility assistance for this event? Please call (312) 747-8184 or email <a href=""mailto:access@chipublib.org"">access@chipublib.org</a> to request accommodations. Requests must be made at least 14 business days before the event.</p>",Book Clubs,Adults (Adults: 18 and up),English,Event Page: Adult Book Club (https://chipublib.bibliocommons.com/events/691ceae4b864f02900251c4b),Vodak-East Side,,2026-11-24T13:00:00.000,2026-11-24T14:00:00.000,FALSE,FALSE,TRUE,,,FALSE,NOT REQUIRED,3710 E. 106th Street,60617,POINT (-87.533649 41.702875),Tuesday,691ceae4b864f02900251c4b
Pixel Party,"<p>It’s time for a pixel party! Join us as we use fuse beads to create unique, one-of-a-kind art. For our final pixel party of the year, we're celebrating the fandoms we love! Use provided patterns to create your favorite characters from books, movies, video games and television, or use your imagination to create your own design!<br><br>For ages 5 and up.</p>

<p><strong>Accessibility</strong><br>Need sign language interpretation or other accessibility assistance for this event? Please call (312) 747-8184 or email access@chipublib.org to request accommodations. Requests must be made at least 14 business days before the event.</p>","Crafts, Games and Play",Kids (Kids: 6 to 13 years),English,Event Page: Pixel Party (https://chipublib.bibliocommons.com/events/692759a67eb3e430002632c3),Independence,,2026-04-14T16:30:00.000,2026-04-14T17:30:00.000,FALSE,FALSE,TRUE,,,FALSE,NOT REQUIRED,4024 N. Elston Avenue,60618,POINT (-87.7203136 41.954157),Tuesday,692759a67eb3e430002632c3
Learn Basic Computer Skills,"<p>Looking for basic computer skills? We'll be going through everything from booting up the computer, using a mouse and accessing the internet. Due to a limited number of in-house computers, please contact the library if you will be needing a laptop. We ask those who have a laptop to bring it with them.<br></p>
<p><strong>Accessibility</strong><br>Need sign language interpretation or other accessibility assistance for this event? Please call (312) 747-8184 or email <a href=""mailto:access@chipublib.org"" id=""OWAfa2982a1-9271-9c86-941b-724fa7086dd4"" data-linkindex=""1"">access@chipublib.org</a> to request accommodations. Requests must be made at least 14 business days before the event.</p>",Computers and Technology,Adults (Adults: 18 and up),English,Event Page: Learn Basic Computer Skills (https://chipublib.bibliocommons.com/events/69320b7b04caba2f00d34e16),South Chicago,,2026-03-31T11:00:00.000,2026-03-31T12:00:00.000,FALSE,FALSE,TRUE,,,FALSE,NOT REQUIRED,9055 S. Houston Avenue,60617,POINT (-87.549661 41.730922),Tuesday,69320b7b04caba2f00d34e16
Public Speaking Practice With the WAO Toastmasters Club,"<p>Join us in person as we prepare to improve your public speaking skills, build your leadership skills, maximize your potential and more with the&nbsp;Wrightwood-Ashburn Overcomers (WAO) Toastmasters Club, in partnership with the Wrightwood-Ashburn Branch.<br></p>
<p><strong>Accessibility</strong><br>Need sign language interpretation or other accessibility assistance for this event? Please call (312) 747-8184 or email <a href=""mailto:access@chipublib.org"">access@chipublib.org</a> to request accommodations. Requests must be made at least 14 business days before the event.</p>
<p></p>
<p> </p>",Workshops,Adults (Adults: 18 and up),English,Event Page:  Public Speaking Practice With the WAO Toastmasters Club (https://chipublib.bibliocommons.com/events/69330b2d04caba2f00d3690e),Wrightwood-Ashburn,,2026-05-23T10:30:00.000,2026-05-23T12:30:00.000,FALSE,FALSE,TRUE,,,FALSE,NOT REQUIRED,8530 S. Kedzie Avenue,60652,POINT (-87.702283 41.738396),Saturday,69330b2d04caba2f00d3690e
Stitch Night,"<p>Bring your favorite projects (knitting, crocheting, needlepoint, or whatever craft you love to stitch). Please show us what you’ve been working on over the past year, month or week, and share your frustrations and accomplishments with an enthusiastic and supportive audience.&nbsp;<br></p>
<p><strong>Accessibility</strong> <br>
Need sign language interpretation or other accessibility assistance for this event? Please call (312) 747-8184 or email <u><a href=""mailto:access@chipublib.org"" target=""_blank"">access@chipublib.org</a></u> to request accommodations. Requests must be made at least 14 business days before the event. </p>","Crafts, Games and Play",Adults (Adults: 18 and up) | Teens (Teens: 13 to 19 years),English,Event Page: Stitch Night (https://chipublib.bibliocommons.com/events/6933129804caba2f00d36b9e),Oriole Park,meeting room,2026-11-18T18:00:00.000,2026-11-18T19:30:00.000,FALSE,FALSE,TRUE,,,FALSE,NOT REQUIRED,7454 W. Balmoral Avenue,60656,POINT (-87.813665 41.978137),Wednesday,6933129804caba2f00d36b9e
Graphic Novel Discussion: Spent,"<p>Join the Rogers Park Branch as we read and discuss Alison Bechdel's&nbsp;<em><a id=""ember18218"" data-add-title-link=""2631598126"" href=""/item/show/2631598126"">Spent</a>: A Comic Novel</em>.</p><p><br>Alison Bechdel, running a pygmy goat sanctuary in Vermont, is existentially irked by a climate-challenged world and a citizenry on the brink of civil war. She wonders: can she pull humanity out of its death spiral by writing a scathingly self-critical memoir about her own greed and privilege? Meanwhile, Alison's first graphic memoir about growing up with her father ... has been adapted into a highly successful TV series. It's a phenomenon that makes Alison ... the envy of her friend group (recognizable as characters, now middle-aged and living communally in Vermont, from Bechdel's beloved comic strip <em>Dykes to Watch Out For</em>). As the TV show ... racks up Emmy after Emmy--and when Alison's Pauline Bunyanesque partner Holly posts an instructional wood-chopping video that goes viral--Alison's own envy spirals. Why couldn't she be the writer for a critically lauded and wildly popular reality TV show--like Queer Eye--showing people how to free themselves from consumer capitalism and live a more ethical life?<br><br></p><p>Books will be available at the Rogers Park Reference Desk by March 1.<br></p>
<p><strong>Accessibility</strong> <br>
Need sign language interpretation or other accessibility assistance for this event? Please call (312) 747-8184 or email <u><a href=""mailto:access@chipublib.org"" target=""_blank"">access@chipublib.org</a></u> to request accommodations. Requests must be made at least 14 business days before the event.</p>",Book Clubs,Adults (Adults: 18 and up) | Teens (Teens: 13 to 19 years),English,Event Page: Graphic Novel Discussion: Spent (https://chipublib.bibliocommons.com/events/6936ee104be11d3d00d70005),Rogers Park,1st Floor Reading Area,2026-03-30T18:00:00.000,2026-03-30T19:00:00.000,FALSE,FALSE,TRUE,,,FALSE,NOT REQUIRED,6907 N. Clark Street,60626,POINT (-87.673294 42.00693),Monday,6936ee104be11d3d00d70005
LEGO® Club,"<p>This drop-in program is for LEGO aficionados who enjoy building and developing STEAM&nbsp;(science, technology, engineering, arts and math) skills. </p>
<p>For kids 4 to 12.</p>
<p><strong>Accessibility</strong><br>Need sign language interpretation or other accessibility assistance for this event? Please call (312) 747-8184 or email <a href=""mailto:access@chipublib.org"" target=""_blank"" rel=""noreferrer noopener"">access@chipublib.org</a> to request accommodations. Requests must be made at least 14 business days before the event.<br><br></p>","Crafts, Games and Play",Kids (Kids: 6 to 13 years) | Preschoolers (Preschoolers: 3 to 5 years),English,Event Page: LEGO® Club (https://chipublib.bibliocommons.com/events/69371b927ed7c62f00a96867),Manning,,2026-04-28T16:00:00.000,2026-04-28T17:15:00.000,FALSE,FALSE,TRUE,,,FALSE,NOT REQUIRED,6 S. Hoyne Avenue,60612,POINT (-87.679283 41.881111),Tuesday,69371b927ed7c62f00a96867
Game Cart,"<p>Stop by the Children's Area to play board games. We leave the cart out&nbsp;for children and families to enjoy a round or two for their very own game night. No registration required and this is a drop in program.&nbsp;</p>
<p>For children 6 and up.&nbsp;</p>
<p><strong>Accessibility</strong><br>Need sign language interpretation or other accessibility assistance for this event? Please call (312) 747-8184 or email <a href=""mailto:access@chipublib.org"" target=""_blank"" rel=""noreferrer noopener"">access@chipublib.org</a> to request accommodations. Requests must be made at least 14 business days before the event.<br><br></p>","Crafts, Games and Play",Kids (Kids: 6 to 13 years) | Tweens (Tweens: 10 to 13 years),English | Spanish (Español),Event Page: Game Cart (https://chipublib.bibliocommons.com/events/693995878b29ea2800c38a6e),Little Village,,2026-04-30T15:00:00.000,2026-04-30T17:00:00.000,FALSE,FALSE,TRUE,,,FALSE,NOT REQUIRED,2311 S. Kedzie Avenue,60623,POINT (-87.7051215 41.8495331),Thursday,693995878b29ea2800c38a6e
Author Misty Heggeness: Swiftynomics: How Women Mastermind and Redefine Our Economy,"<figure><img src=""https://chipublib.bibliocommons.com/events/uploads/images/full/8dac37e10ce8059ab4f2b3bd18e4385d/MistyHeggenessphotocreditJefferyBurkheadprimary(1).jpg"" data-image=""693b42297f0b8a3e004d24fb""></figure>
<p><br>Chicago Public&nbsp;Library is pleased to welcome economist and author Misty L. Heggeness in conversation with&nbsp;Britt Julious to discuss her new book,&nbsp;<em>Swiftynomics:&nbsp;How Women Mastermind and Redefine Our Economy.</em>&nbsp;A feminist romp through pop culture that illuminates how women influence and shape the economy, <em>Swiftynomics</em> assesses the complex economic lives of everyday American women through the stories of groundbreakers like Taylor Swift.&nbsp;Heggeness digs into the data, revealing women's hidden contributions and aspirations ,explores critical reforms regarding caregiving and gendered labor and&nbsp;offers advice for women to thrive in an economy that was not built for them.&nbsp;</p>
<p><strong>Misty L. Heggeness</strong> is co-director of the Kansas Population Center, Associate Professor of Economics and Public Affairs at the University of Kansas, and former Principal Economist and Senior Advisor at the US Census Bureau. She is also creator of The Care Board, a dashboard of economic statistics built by and for caregivers that brings their economic contributions into the fold.</p>
<figure><strong><img src=""https://chipublib.bibliocommons.com/events/uploads/images/full/2085d5972b0023298301632cb333104d/CDC1BE25-F633-486C-80C9-C23626331FAE.jpg"" data-image=""694044f8571fb4d550be160c""></strong></figure>
<p><strong>Britt Julious</strong> is a writer, editor, essayist, and storyteller for publications like The New York Times, Vogue, Bon Appetit, Esquire, ELLE, Women’s Health, and others. She’s currently a music critic for the Chicago Tribune. In 2019, she won the Studs Terkel award in journalism.</p>
<p></p>
<p><strong>How to Attend:</strong><br>Doors to the Multipurpose Room open at 5:30 p.m., and seating is first come, first served (200 capacity). Books are available for purchase, and the authors will autograph books at the conclusion of the program.</p>
<p>This event will also take place live on <a href=""https://www.youtube.com/channel/UCE8pQ7ZYzs_Aq_fa0mweJGw"">CPL's YouTube channel</a> and <a href=""https://www.facebook.com/chipublib/"">CPL's Facebook page.</a> You'll be able to ask questions during the event as well! Can't make it to the live stream? We'll archive the video on YouTube to watch later.<br></p>
<p><strong>Accessibility</strong><br></p>
<p>Automatic captioning is available via Facebook and YouTube's closed captioning setting. Need sign language interpretation or other accessibility assistance for this event? Please call (312) 747-8184 or email <a href=""mailto:access@chipublib.org"" target=""_blank"" rel=""noreferrer noopener"">access@chipublib.org</a> to request accommodations. Requests must be made at least 14 business days before the event.</p><p><br>Photo credit:&nbsp; Jeffrey Burkhead</p>",Author Events,Adults (Adults: 18 and up),English,Event Page: Author Misty Heggeness: Swiftynomics: How Women Mastermind and Redefine Our Economy (https://chipublib.bibliocommons.com/events/693b435c293fe25400298f74),Harold Washington Library Center,"Multipurpose Room, Lower Level",2026-03-30T18:00:00.000,2026-03-30T19:00:00.000,TRUE,FALSE,FALSE,,,FALSE,NOT REQUIRED,400 S. State Street,60605,POINT (-87.627872 41.876755),Monday,693b435c293fe25400298f74
Fool Me Once,"<p>Join us and see if you can fool your friends, family or even the librarians. We will be sharing about ourselves by playing the game Two Truths and a Lie.</p>
<p><strong>Accessibility<br></strong>Need sign language interpretation or other accessibility assistance for this event? Please call (312) 747-8184 or email <a href=""mailto:access@chipublib.org"">access@chipublib.org</a> to request accommodations. Requests must be made at least 14 business days before the event.</p>","Crafts, Games and Play",Adults (Adults: 18 and up) | Teens (Teens: 13 to 19 years),English,Event Page: Fool Me Once (https://chipublib.bibliocommons.com/events/693c5153fd55fb290057d38d),Pullman,,2026-04-03T14:00:00.000,2026-04-03T15:00:00.000,FALSE,TRUE,FALSE,,,FALSE,NOT REQUIRED,11001 S. Indiana Avenue,60628,POINT (-87.618107 41.694353),Friday,693c5153fd55fb290057d38d
Mother Goose at Play: Toddler and Preschool Story and Play Time,"<p>Story time featuring stories, nursery rhymes, puppets and songs.&nbsp;Includes open play time with blocks, puzzles, puppets and other educational toys.</p>
<p>For children 18 months to 5.                 </p>
<p><strong>Accessibility</strong><br>Need sign language interpretation or other accessibility assistance for this event? Please call (312) 747-8184 or email <a href=""mailto:access@chipublib.org"" target=""_blank"" rel=""noreferrer noopener"">access@chipublib.org</a> to request accommodations. Requests must be made at least 14 business days before the event.</p>","Crafts, Games and Play | Story Time",Preschoolers (Preschoolers: 3 to 5 years) | Toddlers (Toddlers: 18 to 36 months),English,Event Page: Mother Goose at Play: Toddler and Preschool Story and Play Time (https://chipublib.bibliocommons.com/events/6940795c76261f28005f4c4b),Scottsdale,,2026-05-27T10:30:00.000,2026-05-27T11:30:00.000,FALSE,FALSE,TRUE,,,FALSE,NOT REQUIRED,4101 W. 79th Street,60652,POINT (-87.724482 41.749263),Wednesday,6940795c76261f28005f4c4b
Renaissance Project Presents LEGO® Club: Meet Dr. Leonidas Berry,"<figure><img src=""https://chipublib.bibliocommons.com/events/uploads/images/full/cc1449022a924ab770d6644a59c2535d/blackmedics(1).jpg"" data-image=""67d1ad66871df83600b222a6"" width=""313.6"" height=""196"" style=""width: 313.6px; height: 196px;""></figure>
<p>This is a family-friendly program designed to learn about the life and work of Dr. Leonidas Berry. As an introduction to his collection and his impact in Chicago, participants will be putting together a model plane like the ones used by the Flying Black Medics, of which he was a founding organizer.&nbsp;</p>
<p><a href=""https://www.chipublib.org/archival_post/leonidas-berry-papers/"" target=""_blank"" rel=""noreferrer noopener"">Learn more in our archives!</a></p>
<p>Presented as part of the Renaissance Project, this event invites participants to actively engage with the rich and often untold stories of Black history and heritage at Chicago Public Library.</p>
<p>This program is made possible with support from The Andrew W. Mellon Foundation to the Chicago Public Library Foundation.</p>
<p><strong>How to Attend<br></strong>Register by the start of the event.&nbsp;Chicago Public Library cannot collect personal information online from kids 0 to 13. A parent or guardian’s email address must be used to register. As a reminder, school email addresses may block external emails such as those from CPS.</p>
<p>Participants must arrive at least half an hour before the end of the program in order to have time to work.<br></p>
<p><strong><strong>Accessibility</strong></strong><br>Need sign language interpretation or other accessibility assistance for this event? Please call (312) 747-8184 or email <a href=""mailto:access@chipublib.org"">access@chipublib.org</a> to request accommodations. Requests must be made at least 14 business days before the event.<br></p>
<p>Photo source: Front Cover, <em>Chicago Defender</em>, February 17, 1970<br></p>","Chicago 250 | Crafts, Games and Play",Kids (Kids: 6 to 13 years) | Teens (Teens: 13 to 19 years) | Tweens (Tweens: 10 to 13 years),English,Event Page: Renaissance Project Presents LEGO® Club: Meet Dr. Leonidas Berry  (https://chipublib.bibliocommons.com/events/694089eccaa2e62f00206769),Beverly,,2026-04-09T16:00:00.000,2026-04-09T17:00:00.000,FALSE,FALSE,FALSE,,2026-04-09T16:00:00.000,FALSE,ACTIVE,1962 W. 95th Street,60643,POINT (-87.672198 41.721109),Thursday,694089eccaa2e62f00206769
Graphic Novel Book Club - Spent,"<p>Join us at&nbsp;Logan Square Branch for&nbsp;a discussion of the month's graphic novel selection. Current book club selections are available at the Logan Square Branch front desk.<strong><br></strong></p><p><a id=""ember35353"" data-add-title-link=""2631598126"" href=""/item/show/2631598126"">Spent</a> by Alison Bechdel</p><p>In Alison Bechdel's ... skewering and gloriously cast ... comic novel confection, a cartoonist named Alison Bechdel, running a pygmy goat sanctuary in Vermont, is existentially irked by a climate-challenged world and a citizenry on the brink of civil war. She wonders: can she pull humanity out of its death spiral by writing a scathingly self-critical memoir about her own greed and privilege? Meanwhile, Alison's first graphic memoir about growing up with her father ... has been adapted into a highly successful TV series. It's a phenomenon that makes Alison ... the envy of her friend group (recognizable as characters, now middle-aged and living communally in Vermont, from Bechdel's beloved comic strip Dykes to Watch Out For). As the TV show ... racks up Emmy after Emmy--and when Alison's Pauline Bunyanesque partner Holly posts an instructional wood-chopping video that goes viral--Alison's own envy spirals. Why couldn't she be the writer for a critically lauded and wildly popular reality TV show--like Queer Eye--showing people how to free themselves from consumer capitalism and live a more ethical life?</p>

<p><strong>Accessibility</strong><br>
Need sign language interpretation or other accessibility assistance for this event? Please call (312) 747-8184 or email <a href=""mailto:access@chipublib.org"">access@chipublib.org</a>
to request accommodations. Requests must be made at least 14 business days before the event.<br></p>",Book Clubs,Adults (Adults: 18 and up),English,Event Page: Graphic Novel Book Club - Spent (https://chipublib.bibliocommons.com/events/694471a98d33cc4900c62d95),Logan Square,,2026-09-01T18:30:00.000,2026-09-01T19:30:00.000,FALSE,FALSE,TRUE,,,FALSE,NOT REQUIRED,3030 W. Fullerton Avenue,60647,POINT (-87.70308 41.924903),Tuesday,694471a98d33cc4900c62d95
Better with a Beverage Book Discussion: Minor Feelings,"<p>Join the Richard M. Daley Branch for a discussion of&nbsp;<a id=""ember28594"" data-add-title-link=""2237121126"" href=""/item/show/2237121126"">Minor Feelings</a> by <a href=""https://chipublib.bibliocommons.com/v2/search?query=Hong%2C%20Cathy%20Park%2C&searchType=author"">Cathy Park Hong</a>.</p>""Asian Americans inhabit a purgatorial status: neither white enough nor black enough, unmentioned in most conversations about racial identity. In the popular imagination, Asian Americans are all high-achieving professionals. But in reality, this is the most economically divided group in the country, a tenuous alliance of people with roots from South Asia to East Asia to the Pacific Islands, from tech millionaires to service industry laborers ... Poet and essayist Cathy Park Hong ... confronts this thorny subject, blending memoir, cultural criticism, and history to expose the truth of racialized consciousness in America""--One World (Publisher)<br><br>Relax, enjoy a beverage and read. Over the course of the month, read Minor Feelings and aim to try at least one beverage from a Chicago-based institution of your choice while you read. At the end of the month, we will meet on Zoom to discuss the book and any interesting beverages you tried. Feel free to join the discussion BYOB style.<br><br>Copies of the title are available for checkout at the Richard M. Daley Branch. This event is hosted by Jacob from the Richard M. Daley Branch.<p><br></p>
<p><strong>How to Attend</strong><br>This event takes place on Zoom. <strong>Register by Friday,&nbsp;April 17th.&nbsp;</strong>Only one registration per household is needed. You’ll receive an email with a link to the secure Zoom meeting about 24 hours before the meeting. Automatic transcription is included in all CPL events using Zoom.</p>
<p><strong>Accessibility</strong><br>Need sign language interpretation or other accessibility assistance for this event? Please call (312) 747-8184 or email <a href=""mailto:access@chipublib.org"">access@chipublib.org</a> to request accommodations. Requests must be made at least 14 business days before the event.</p>
<p><strong>Attending CPL Online Events</strong><br>Questions about attending online events? Check out our <a href=""https://www.chipublib.org/faq/services/#events-2"">Events FAQs</a>.<br></p>",Book Clubs,Adults (Adults: 18 and up),English,Event Page: Better with a Beverage Book Discussion: Minor Feelings (https://chipublib.bibliocommons.com/events/694977abd875af6300d16be0),,,2026-04-19T12:15:00.000,2026-04-19T13:00:00.000,FALSE,FALSE,TRUE,,2026-04-17T23:15:00.000,FALSE,ACTIVE,,,,Sunday,694977abd875af6300d16be0
Better with a Beverage Book Discussion: The Hike,"<p>Join the Richard M. Daley Branch for a discussion of&nbsp;<a id=""ember46090"" data-add-title-link=""1759338126"" href=""/item/show/1759338126"">The Hike</a> by <a href=""https://chipublib.bibliocommons.com/v2/search?origin=core-catalog-explore&query=Magary%2C%20Drew%2C&searchType=author"">Drew Magary</a>.</p>When Ben, a suburban family man, takes a business trip to rural Pennsylvania, he decides to spend the afternoon before his dinner meeting on a short hike. Once he sets out into the woods behind his hotel, he quickly comes to realize that the path he has chosen cannot be given up easily. With no choice but to move forward, Ben finds himself falling deeper and deeper into a world of man-eating giants, bizarre demons, and colossal insects.<br><br>Relax, enjoy a beverage and read. Over the course of the month, read The Hike and aim to try at least one beverage from a Chicago-based institution of your choice while you read. At the end of the month, we will meet on Zoom to discuss the book and any interesting beverages you tried. Feel free to join the discussion BYOB style.<br><br>Copies of the title are available for checkout at the Richard M. Daley Branch. This event is hosted by Jacob from the Richard M. Daley Branch.<p><br></p>
<p><strong>How to Attend</strong><br>This event takes place on Zoom. <strong>Register by Friday,&nbsp;October 16th.&nbsp;</strong>Only one registration per household is needed. You’ll receive an email with a link to the secure Zoom meeting about 24 hours before the meeting. Automatic transcription is included in all CPL events using Zoom.</p>
<p><strong>Accessibility</strong><br>Need sign language interpretation or other accessibility assistance for this event? Please call (312) 747-8184 or email <a href=""mailto:access@chipublib.org"">access@chipublib.org</a> to request accommodations. Requests must be made at least 14 business days before the event.</p>
<p><strong>Attending CPL Online Events</strong><br>Questions about attending online events? Check out our <a href=""https://www.chipublib.org/faq/services/#events-2"">Events FAQs</a>.<br></p>",Book Clubs,Adults (Adults: 18 and up),English,Event Page: Better with a Beverage Book Discussion: The Hike (https://chipublib.bibliocommons.com/events/694977abd875af6300d16be6),,,2026-10-18T12:15:00.000,2026-10-18T13:00:00.000,FALSE,FALSE,TRUE,,2026-10-16T23:15:00.000,FALSE,ACTIVE,,,,Sunday,694977abd875af6300d16be6
Sulzer Chess Meetup,"<p>Join us to play some chess and meet new friends! All levels of players are welcome. Bring your chess set, if you have it. Let's meet, play, and make new friends!</p>
<p>The room capacity is limited. Registration is required through this link<strong>:&nbsp;</strong><strong><a href=""https://urldefense.com/v3/__https:/www.meetup.com/ChicagoChess__;!!B24N9PvjPQId!eU40Rxdns0hs0U6PepOjetWLkfUqlMSK-foRU-Ejy99SoKjlVfZJLV7mjCA3lasUj-GpsVDbqiXVQQaGgLY1$"" target=""_blank"">meetup.com/ChicagoChess</a></strong><strong></strong>. Any updates about the event will be sent to those who are on the RSVP list.</p>
<p><strong>Accessibility</strong><br>Need sign language interpretation or other accessibility assistance for this event? Please call (312) 747-8184 or email <a href=""mailto:access@chipublib.org"" target=""_blank"">access@chipublib.org</a> to request accommodations. Requests must be made at least 14 business days before the event.</p>","Crafts, Games and Play",Adults (Adults: 18 and up),English,Event Page: Sulzer Chess Meetup (https://chipublib.bibliocommons.com/events/69497fef9e881bab98ae9ca5),Sulzer Regional,small meeting room,2026-05-24T13:30:00.000,2026-05-24T15:30:00.000,FALSE,FALSE,TRUE,,,FALSE,NOT REQUIRED,4455 N. Lincoln Avenue,60625,POINT (-87.6844 41.9627),Sunday,69497fef9e881bab98ae9ca5
Adult Book Discussion: Sandwich by Catherine Newman,"<figure><a href=""https://chipublib.bibliocommons.com/v2/record/S126C2578055"" target=""_blank""><img src=""https://chipublib.bibliocommons.com/events/uploads/images/full/251741cd393f631b432b775f8cd1ea30/sandwich.jpg"" data-image=""69a31d1e491b809c6f1d2210""></a></figure><p>Join us for a discussion of <a href=""https://chipublib.bibliocommons.com/v2/record/S126C2578055"" target=""_blank"">Sandwich </a>by Catherine Newman.</p><p>Empty nester Rocky is eagerly anticipating her family's annual vacation at a beloved beach cottage in Cape Cod, and simultaneously can't help dreading its inevitable end. A 54-year-old writer, Rocky is joined at the cottage by her aging parents, her cheerful husband Nick, her two successfully launched adult children, Willa and Jamie, Jamie's girlfriend Maya. Rocky has always suffered from ""anticipatory grief,"" but the proximity of her loved ones in the tiny beach house, combined with symptoms of menopause, are pushing her emotions into overdrive. Every item in the cottage and landmark in the town evoke a memory. Her parents' increasing frailness adds to the stress levels. When Maya reveals an unplanned pregnancy, Rocky begins to dwell on a difficult secret from her past, and her descent into pathos threatens to spill over into the present.</p><p>Share your love of reading, broaden your horizons, and stay connected with others through our monthly book discussion. Copies of the book are available for checkout at the Circulation Desk.</p><p><strong><strong>Accessibility</strong></strong><br>Need sign language interpretation or other accessibility assistance for this event? Please call (312) 747-8184 or email <a href=""mailto:access@chipublib.org"">access@chipublib.org</a> to request accommodations. Requests must be made at least 14 business days before the event.<br></p>",Book Clubs,Adults (Adults: 18 and up),English,Event Page: Adult Book Discussion: Sandwich by Catherine Newman (https://chipublib.bibliocommons.com/events/6949b188b5ff473000576c7b),Budlong Woods,,2026-07-18T11:00:00.000,2026-07-18T12:30:00.000,FALSE,FALSE,TRUE,,,FALSE,NOT REQUIRED,5630 N. Lincoln Avenue,60659,POINT (-87.696471 41.983722),Saturday,6949b188b5ff473000576c7b
Adult Book Discussion: Hello Beautiful by Ann Napolitano,"<figure><a href=""https://chipublib.bibliocommons.com/v2/record/S126C2488738"" target=""_blank""><img src=""https://chipublib.bibliocommons.com/events/uploads/images/full/5d63bf0a209f455ee6bd6cce71ec99b8/hello.jpg"" data-image=""69a326d76583d22e3c0d8404""></a></figure><p>Join us for a discussion of <a href=""https://chipublib.bibliocommons.com/v2/record/S126C2488738"" target=""_blank"">Hello Beautiful</a>&nbsp;by Ann Napolitano.</p><p>William Waters had a broken childhood, neglected by his family, but his salvation turned out to be basketball. While playing for Northwestern University in Evanston in the late 1970s, he meets the indomitable Julia Padavano, who falls for him and immediately sets out planning their futures. Julia and her family are kind of a package deal, and quicker than he could have imagined it, William is made a honorary member of her Italian American family who live in Chicago's Pilsen neighborhood. (Chicago Public Library's Lozano Branch features significantly in the plot.) The forceful Julia and her three younger sisters love the novel Little Women but they are also reminiscent of the sisters in Pride and Prejudice. When you're young, the future can seem wide open, but fate has a way of upturning that orderly apple cart.</p>
<p>Share your love of reading, broaden your horizons, and&nbsp;stay connected with others&nbsp;through our monthly book discussion.</p>
<p><strong><strong>Accessibility</strong></strong><br>Need sign language interpretation or other accessibility assistance for this event? Please call (312) 747-8184 or email <a href=""mailto:access@chipublib.org"">access@chipublib.org</a> to request accommodations. Requests must be made at least 14 business days before the event.<br></p>",Book Clubs,Adults (Adults: 18 and up),English,Event Page: Adult Book Discussion: Hello Beautiful by Ann Napolitano (https://chipublib.bibliocommons.com/events/6949b188b5ff473000576c7c),Budlong Woods,,2026-08-15T11:00:00.000,2026-08-15T12:30:00.000,FALSE,FALSE,TRUE,,,FALSE,NOT REQUIRED,5630 N. Lincoln Avenue,60659,POINT (-87.696471 41.983722),Saturday,6949b188b5ff473000576c7c
Adult Book Discussion,"<p>Share your love of reading, broaden your horizons, and&nbsp;stay connected with others&nbsp;through our monthly book discussion.</p>
<p><strong><strong>Accessibility</strong></strong><br>Need sign language interpretation or other accessibility assistance for this event? Please call (312) 747-8184 or email <a href=""mailto:access@chipublib.org"">access@chipublib.org</a> to request accommodations. Requests must be made at least 14 business days before the event.<br></p>",Book Clubs,Adults (Adults: 18 and up),English,Event Page: Adult Book Discussion (https://chipublib.bibliocommons.com/events/6949b188b5ff473000576c80),Budlong Woods,,2026-12-19T11:00:00.000,2026-12-19T12:30:00.000,FALSE,FALSE,TRUE,,,FALSE,NOT REQUIRED,5630 N. Lincoln Avenue,60659,POINT (-87.696471 41.983722),Saturday,6949b188b5ff473000576c80
Let's Play Magic: The Gathering,"<p><strong></strong>Join us to learn to play Magic: The Gathering!&nbsp;Magic<em>&nbsp;</em>is an exciting, strategic fantasy trading card game. <br></p>
<p>We have lots of Magic<em> </em>cards, thanks to donations from <a href=""https://magikids.org/"" target=""_blank"">Magikids</a>&nbsp;and generous patrons.&nbsp;Participants will make (and keep!) a Magic&nbsp;deck and then we will go over how to play!<br></p>
<p>Already know how?&nbsp;Come by&nbsp;and let's duel!</p>
<p>For students in&nbsp;grades 6 to 12.</p>
<p><strong>Accessibility</strong><br>Need sign language interpretation or other accessibility assistance for this event? Please call (312) 747-8184 or email <a href=""mailto:access@chipublib.org"">access@chipublib.org</a> to request accommodations. Requests must be made at least 14 business days before the event.</p>","Crafts, Games and Play",Teens (Teens: 13 to 19 years) | Tweens (Tweens: 10 to 13 years),English,Event Page: Let's Play Magic: The Gathering (https://chipublib.bibliocommons.com/events/695be202111b9da65caa99b8),Humboldt Park,YOUmedia,2026-03-28T14:00:00.000,2026-03-28T16:00:00.000,FALSE,FALSE,TRUE,,,FALSE,NOT REQUIRED,1605 N. Troy Street,60647,POINT (-87.705427 41.910328),Saturday,695be202111b9da65caa99b8
Adult Book Club: The Book Club for Troublesome Women,"<p>Join McKinley Park for a discussion of a different book each month.<strong><strong><br></strong></strong></p>
<p><strong><strong>Accessibility</strong></strong><br>Need sign language interpretation or other accessibility assistance for this event? Please call (312) 747-8184 or email <a href=""mailto:access@chipublib.org"">access@chipublib.org</a> to request accommodations. Requests must be made at least 14 business days before the event.</p>",Book Clubs,Adults (Adults: 18 and up) | Seniors (Seniors: 55 and up),English,Event Page: Adult Book Club: The Book Club for Troublesome Women (https://chipublib.bibliocommons.com/events/695c31b96faf374bd592a322),McKinley Park,,2026-09-23T17:30:00.000,2026-09-23T18:30:00.000,FALSE,FALSE,TRUE,,,FALSE,NOT REQUIRED,1915 W. 35th Street,60609,POINT (-87.673465 41.830263),Wednesday,695c31b96faf374bd592a322
Patricia Liddell Researchers Meeting,"<p>Join the Vivian G.&nbsp;Harsh Research Collection and the Patricia Liddell Researchers (PLR) for their monthly meeting.</p>
<p>The Patricia Liddell Researchers is an organization specializing in African American genealogy. They promote the scholarly research, writing, and publishing of African American history. PLR partners with the Harsh Research Collection to meet from January through November&nbsp;on the third Saturday of each month.<br></p>
<p><strong>Accessibility</strong><br>Need sign language interpretation or other accessibility assistance for this event? Please call (312) 747-8184 or email <u><a href=""mailto:access@chipublib.org"" target=""_blank"">access@chipublib.org</a></u> to request accommodations. Requests must be made at least 14 business days before the event.</p>",Chicago 250 | History and Genealogy,Adults (Adults: 18 and up),English,Event Page: Patricia Liddell Researchers Meeting (https://chipublib.bibliocommons.com/events/695c323739996c13d3cf4059),Woodson Regional,First Floor Conference Room,2026-11-21T13:00:00.000,2026-11-21T15:00:00.000,FALSE,FALSE,TRUE,,,FALSE,NOT REQUIRED,9525 S. Halsted Street,60628,POINT (-87.642915 41.720915),Saturday,695c323739996c13d3cf4059
Gamers' Zone: Teen Gaming,"<p>Join us for Gamers' Zone! Chill Out with games for the Nintendo Switch, board games or&nbsp;card games. Snacks are provided.&nbsp;</p>
<p>For tweens and teens 10 to 17.</p>
<p><strong><strong>Accessibility</strong></strong><br>Need sign language interpretation or other accessibility assistance for this event? Please call (312) 747-8184 or email <a href=""mailto:access@chipublib.org"">access@chipublib.org</a> to request accommodations. Requests must be made at least 14 business days before the event.<br></p>","Crafts, Games and Play",Teens (Teens: 13 to 19 years) | Tweens (Tweens: 10 to 13 years),English,Event Page: Gamers' Zone: Teen Gaming  (https://chipublib.bibliocommons.com/events/69617a700c4aad14d37435f0),King (Closed),,2026-03-31T16:30:00.000,2026-03-31T19:00:00.000,FALSE,TRUE,TRUE,,,FALSE,NOT REQUIRED,3436 S. King Drive,60616,POINT (-87.61753 41.832264),Tuesday,69617a700c4aad14d37435f0
Adult Book Discussion: The Henna Artist,"<p>Join the Uptown Branch Adult Book Club&nbsp;for&nbsp;a discussion of <a id=""ember5159"" data-add-title-link=""2227769126"" href=""/item/show/2227769126"">The Henna Artist</a> by Alka Joshi.<br><br>A talented henna artist for wealthy confidantes finds her efforts to control her own destiny in 1950s Jaipur threatened by the abusive husband she fled as a teenage girl.</p><p>A limited number of copies of this title will be available for checkout after the monthly Adult Book Club meeting on 6/20/25 at the Circulation Desk or place a hold.</p>
<p><b>How to Attend</b></p><p>This event is available in person or online.<br></p><p><strong>Attend in person at the Uptown Branch 929 W. Buena Avenue, Chicago, IL 6061</strong><strong></strong><br><br><strong>Attend online via Zoom</strong><br>Please contact Denise Reiter at dreiter@chipublib.org for a Zoom link.&nbsp;Only one registration per household is needed. You’ll receive an email with a link to the secure Zoom meeting about 24 hours before the meeting. Automatic transcription is included in all CPL events using Zoom.&nbsp;Questions about attending online events? Check out our&nbsp;<a href=""https://www.chipublib.org/faq/services/?_gl=1*1k1nj8e*_ga*MTM4NzM3NjMyNi4xNzA4NzA1MjEz*_ga_G99DMMNG39*czE3NjI3MTg1NDQkbzQ3NyRnMSR0MTc2MjcxOTM3MCRqNjAkbDAkaDA.*_ga_92RPWHE421*czE3NjI3MTg1NDQkbzQ3NyRnMSR0MTc2MjcxOTM2OSRqNjAkbDAkaDA.#events-2"">Events FAQs</a>.<br><br><strong>Accessibility</strong><br>Need sign language interpretation or other accessibility assistance for this event? Please call (312) 747-8184 or email <a href=""mailto:access@chipublib.org"">access@chipublib.org</a> to request accommodations. Requests must be made at least 14 business days before the event.</p>




<p><br><br></p>",Book Clubs,Adults (Adults: 18 and up),English,Event Page: Adult Book Discussion: The Henna Artist (https://chipublib.bibliocommons.com/events/6967e05894297d3600a522bd),Uptown,Community Room,2026-07-18T13:00:00.000,2026-07-18T14:00:00.000,FALSE,FALSE,FALSE,,,FALSE,NOT REQUIRED,929 W. Buena Avenue,60613,POINT (-87.653572 41.958263),Saturday,6967e05894297d3600a522bd
"Adult Book Discussion: Poverty, by America","<p>Join the Uptown Branch Adult Book Club&nbsp;for&nbsp;a discussion of <a id=""ember12214"" data-add-title-link=""2485020126"" href=""/item/show/2485020126"">Poverty, by America</a> by Matthew Desmond.<br><br>The United States, the richest country on earth, has more poverty than any other advanced democracy. Why? In this landmark book, acclaimed sociologist Matthew Desmond draws on history, research, and original reporting to show how affluent Americans knowingly and unknowingly keep poor people poor. Elegantly written and fiercely argued, this compassionate book gives us new ways of thinking about a morally urgent problem.</p><p>A limited number of copies of this title will be available for checkout after the monthly Adult Book Club meeting on 7/18/26 at the Circulation Desk or place a hold.</p><p><strong>How to Attend</strong><br></p><p><strong></strong>This event is available in person or online.<br></p><p><strong>Attend in person at the Uptown Branch 929 W. Buena Avenue, Chicago, IL 60613</strong></p>



<p><strong>Attend online via Zoom</strong></p><p>Please contact Denise Reiter at dreiter@chipublib.org for a Zoom link.<strong></strong>&nbsp;Only one registration per household is needed. You’ll receive an email with a link to the secure Zoom meeting about 24 hours before the meeting. Automatic transcription is included in all CPL events using Zoom.&nbsp;Questions about attending online events? Check out our&nbsp;<a href=""https://www.chipublib.org/faq/services/?_gl=1*m7cmoh*_ga*MTM4NzM3NjMyNi4xNzA4NzA1MjEz*_ga_G99DMMNG39*czE3NjI3MTg1NDQkbzQ3NyRnMSR0MTc2MjcyMDI4OSRqNjAkbDAkaDA.*_ga_92RPWHE421*czE3NjI3MTg1NDQkbzQ3NyRnMSR0MTc2MjcyMDI4OCRqNDIkbDAkaDA.#events-2"">Events FAQs</a>.<br><br><strong>Accessibility</strong><br>Need sign language interpretation or other accessibility assistance for this event? Please call (312) 747-8184 or email <a href=""mailto:access@chipublib.org"">access@chipublib.org</a> to request accommodations. Requests must be made at least 14 business days before the event.</p>

<p><br><br></p>",Book Clubs,Adults (Adults: 18 and up),English,"Event Page: Adult Book Discussion: Poverty, by America  (https://chipublib.bibliocommons.com/events/6967e05f94297d3600a522e0)",Uptown,Community Room,2026-08-15T13:00:00.000,2026-08-15T14:00:00.000,FALSE,FALSE,FALSE,,,FALSE,NOT REQUIRED,929 W. Buena Avenue,60613,POINT (-87.653572 41.958263),Saturday,6967e05f94297d3600a522e0
Adult Book Discussion: Grief is for People,"<p>Join the Uptown Branch Adult Book Club&nbsp;for&nbsp;a discussion of <a id=""ember14162"" data-add-title-link=""2561369126"" href=""/item/show/2561369126"">Grief Is for People</a> by Sloane Crosley.&nbsp;<em><br><br>Grief Is for People</em> is a deeply moving and surprisingly suspenseful portrait of friendship, and a book about loss packed with verve for life. After the pain and confusion of losing her closest friend to suicide, Crosley looks for answers in friends, philosophy, and art, hoping for a framework more useful than the unavoidable stages of grief. Crosley’s search for truth is frank, darkly funny, and gilded with a resounding empathy. Upending the “grief memoir,” <em>Grief Is for People</em> is the category-defying story of the struggle to hold on to the past without being consumed by it.</p><p>A limited number of copies of this title will be available for checkout after the monthly Adult Book Club meeting on 10/17/26 at the Circulation Desk or place a hold.</p><p><b>How to Attend</b></p>



<p>This event is available in person or online.</p><p><strong>Attend in person at the Uptown Branch 929 W. Buena Avenue, Chicago, IL 60613</strong></p><p><strong>Attend online via Zoom</strong><br>Please contact Denise Reiter at dreiter@chipublib.org for a Zoom link.<strong>&nbsp;</strong>Only one registration per household is needed. You’ll receive an email with a link to the secure Zoom meeting about 24 hours before the meeting. Automatic transcription is included in all CPL events using Zoom.&nbsp;Questions about attending online events? Check out our&nbsp;<a href=""https://www.chipublib.org/faq/services/?_gl=1*9q0xel*_ga*MTM4NzM3NjMyNi4xNzA4NzA1MjEz*_ga_G99DMMNG39*czE3NjI3MjIzMjIkbzQ3OCRnMSR0MTc2MjcyMzkzOCRqNTkkbDAkaDA.*_ga_92RPWHE421*czE3NjI3MTg1NDQkbzQ3NyRnMSR0MTc2MjcyMzkzNyRqNjAkbDAkaDA.#events-2"">Events FAQs</a>.<br><br><strong>Accessibility</strong><br>Need sign language interpretation or other accessibility assistance for this event? Please call (312) 747-8184 or email <a href=""mailto:access@chipublib.org"">access@chipublib.org</a> to request accommodations. Requests must be made at least 14 business days before the event.</p>




<p><br></p>",Book Clubs,Adults (Adults: 18 and up),English,Event Page: Adult Book Discussion: Grief is for People (https://chipublib.bibliocommons.com/events/6967e08176261f2800645d86),Uptown,Community Room,2026-11-21T13:00:00.000,2026-11-21T14:00:00.000,FALSE,FALSE,FALSE,,,FALSE,NOT REQUIRED,929 W. Buena Avenue,60613,POINT (-87.653572 41.958263),Saturday,6967e08176261f2800645d86
Adult Book Discussion: Lesser Ruins,"<p>Join the Uptown Branch Adult Book Club&nbsp;for&nbsp;a discussion of&nbsp;<a id=""ember19204"" data-add-title-link=""2603728126"" href=""/item/show/2603728126"">Lesser Ruins</a> by Mark Haber.<br><br>Bereft after the death of his wife, a retired professor has resumed his life's work—a book that will stand as a towering cathedral to Michel de Montaigne, reframing the inventor of the essay for the modern age. The challenge is the litany of intrusions that bar his way—from memories of his past to the nattering of smartphones to his son's relentless desire to make an electronic dance album.</p><p>A limited number of copies of this title will be available for checkout after the monthly Adult Book Club meeting on 11/21/26 at the Circulation Desk or place a hold.<br><br><br><b>How to Attend</b></p><p>This event is available in person or online.<br></p><p><strong>Attend in person at the Uptown Branch 929 W. Buena Avenue, Chicago, IL 60613</strong></p>



<p><b>Attend online via Zoom</b><br>Please contact Denise Reiter at dreiter@chipublib.org for a Zoom link.<strong>&nbsp;</strong>Only one registration per household is needed. You’ll receive an email with a link to the secure Zoom meeting about 24 hours before the meeting. Automatic transcription is included in all CPL events using Zoom.&nbsp;Questions about attending online events? Check out our&nbsp;<a href=""https://www.chipublib.org/faq/services/#events-2"">Events FAQs</a>.<br><br><strong>Accessibility</strong><br>Need sign language interpretation or other accessibility assistance for this event? Please call (312) 747-8184 or email <a href=""mailto:access@chipublib.org"">access@chipublib.org</a> to request accommodations. Requests must be made at least 14 business days before the event.</p>


<p><br><br></p>",Book Clubs,Adults (Adults: 18 and up),English,Event Page: Adult Book Discussion: Lesser Ruins (https://chipublib.bibliocommons.com/events/6967e08894297d3600a522ed),Uptown,Community Room,2026-12-19T13:00:00.000,2026-12-19T14:00:00.000,FALSE,FALSE,FALSE,,,FALSE,NOT REQUIRED,929 W. Buena Avenue,60613,POINT (-87.653572 41.958263),Saturday,6967e08894297d3600a522ed
Knit Together,"<p>Join experienced needleworker Adriana Reyneri for a beginner-friendly knitting and crochet group. Bring your own projects or challenge yourself to start something new. Materials will be provided by the library.<br></p>

<p><strong><strong>Accessibility</strong></strong><br>Need sign language interpretation or other accessibility assistance for this event? Please call (312) 747-8184 or email <a href=""mailto:access@chipublib.org"">access@chipublib.org</a> to request accommodations. Requests must be made at least 14 business days before the event.<br></p>","Crafts, Games and Play",Adults (Adults: 18 and up) | Teens (Teens: 13 to 19 years),English,Event Page: Knit Together (https://chipublib.bibliocommons.com/events/6969645c491b809c6f131a89),Harold Washington Library Center,"8th floor, 8S-7",2026-05-11T18:00:00.000,2026-05-11T19:30:00.000,FALSE,FALSE,TRUE,,2026-05-11T18:00:00.000,FALSE,ACTIVE,400 S. State Street,60605,POINT (-87.627872 41.876755),Monday,6969645c491b809c6f131a89
Story Time,"<p>Join us at the library for a fun time while enhancing your reading skills through stories, songs and playtime.<br></p>
<p>For ages 0 to 6 with a caregiver.&nbsp;<br></p>
<p><strong>Accessibility</strong><br>Need sign language interpretation or other accessibility assistance for this event? Please call (312) 747-8184 or email <a href=""mailto:access@chipublib.org"" target=""_blank"">access@chipublib.org</a> to request accommodations. Requests must be made at least 14 business days before the event.<br></p>",Story Time,Babies (Babies: 0 to 18 months) | Preschoolers (Preschoolers: 3 to 5 years) | Toddlers (Toddlers: 18 to 36 months),English,Event Page: Story Time  (https://chipublib.bibliocommons.com/events/696fbdeccbf6405d3564aaf1),Roden,,2026-04-29T10:30:00.000,2026-04-29T11:30:00.000,FALSE,FALSE,TRUE,,,FALSE,NOT REQUIRED,6083 N. Northwest Highway,60631,POINT (-87.798205 41.992026),Wednesday,696fbdeccbf6405d3564aaf1
Adult Book Discussion: The House Of Eve,"<p>Join the Brained Branch in a virtual discussion of <a id=""ember6475"" data-add-title-link=""2478575126"" href=""/item/show/2478575126"">The House of Eve</a> by Sadeqa Johnson.&nbsp;</p>
<p>This&nbsp;historical dual narrative set in the late 1940s–1950s, explores the intertwined lives of two young Black women. Ruby Pearsall, a driven Philadelphia teenager, dreams of escaping poverty through college but faces an unplanned pregnancy that threatens her future. Meanwhile, Eleanor Quarles pursues education at Howard University and enters an elite Black family in Washington, D.C.—only to struggle with societal expectations and motherhood. Their paths collide in a Catholic maternity home where love, sacrifice, and ambition meet in unexpected ways. A moving story of resilience, race, class, and what it means to be a woman and a mother.</p>
<p><br><strong>Books are available for pick-up at the Brainerd branch's&nbsp;circulation desk. Please ask staff for assistance.</strong></p>
<p><strong>How to Attend</strong><br></p>
<p>
This event takes place on Zoom. Register at least 48 hours before the event. Only one registration per household is needed. You’ll receive an email with a link to the secure Zoom meeting about 24 hours before the meeting. Automatic transcription is included in all CPL events using Zoom. </p>
<p><strong>Accessibility</strong> <br>
Need sign language interpretation or other accessibility assistance for this event? Please call (312) 747-8184 or email <u><a href=""mailto:access@chipublib.org"" target=""_blank"">access@chipublib.org</a></u> to request accommodations. Requests must be made at least 14 business days before the event. </p>
<p><strong>Attending CPL Online Events</strong> <br>
Questions about attending online events? Check out our <u><a href=""https://www.chipublib.org/faq/services/#events-2"" target=""_blank"">Events FAQs</a></u>. </p>",Book Clubs,Adults (Adults: 18 and up),English,Event Page: Adult Book Discussion: The House Of Eve (https://chipublib.bibliocommons.com/events/696ff56094297d3600a65ef1),,,2026-03-28T18:00:00.000,2026-03-28T20:00:00.000,FALSE,FALSE,FALSE,,2026-03-28T18:00:00.000,FALSE,ACTIVE,,,,Saturday,696ff56094297d3600a65ef1
Blood Drive with the American Red Cross,"<p>Help others in our community and beyond with your donation.&nbsp;American Red Cross staff will be doing the blood drawing. Register at <a href=""https://www.redcrossblood.org/give.html/donation-time?dt=WB:PL:DR:PM"">Red Cross Blood Drive</a> or you may call&nbsp;800-733-2767 to register.&nbsp;<strong><br></strong></p>
<p>Bring a photo ID or your blood donor card, or two other forms of ID.&nbsp;Eat a healthy meal and drink an extra 16 oz. of water and fluids before the donation.<br></p><figure><img src=""https://chipublib.bibliocommons.com/events/uploads/images/full/919d5f5abe107b840247ca9b8483da78/image.png"" data-image=""67b77db408738767c12aafd0"" width=""148"" height=""148"" style=""width: 148px; height: 148px;""></figure>
<p><strong>Accessibility</strong><br>Need sign language interpretation or other accessibility assistance for this event? Please call (312) 747-8184 or email <a href=""mailto:access@chipublib.org"" target=""_blank"">access@chipublib.org</a> to request accommodations. Requests must be made at least 14 business days before the event.</p>",Health and Science,Adults (Adults: 18 and up),English,Event Page: Blood Drive with the American Red Cross (https://chipublib.bibliocommons.com/events/69711b46cbf6405d3564c749),Independence,,2026-10-06T13:00:00.000,2026-10-06T18:00:00.000,FALSE,FALSE,TRUE,,,FALSE,NOT REQUIRED,4024 N. Elston Avenue,60618,POINT (-87.7203136 41.954157),Tuesday,69711b46cbf6405d3564c749
Puzzlemania for Adults,"<figure><img src=""https://chipublib.bibliocommons.com/events/uploads/images/full/a28e84caabeae77384eab2242302fc40/puzzle-pieces-1925425_1280.jpg"" data-image=""6669da86987a0ca350984b80"" width=""319.5"" height=""213"" style=""width: 319.5px; height: 213px;""></figure>
<p>Do you enjoy working on puzzles? Join Chicago Bee branch staff for fun and conversation&nbsp;as we try to complete a puzzle throughout&nbsp;each week. Feel free to bring your own puzzle if you'd like.</p>
<p>For Adults 18 and up!&nbsp;<br></p>
<p><strong>Accessibility</strong><br>Need sign language interpretation or other accessibility assistance for this event? Please call (312) 747-8184 or email <a href=""mailto:access@chipublib.org"" target=""_blank"" rel=""noreferrer noopener"">access@chipublib.org</a> to request accommodations. Requests must be made at least 14 business days before the event.</p>
<p>Image: <a href=""https://pixabay.com/photos/puzzle-pieces-puzzle-patience-mesh-1925425/"">Puzzle Pieces</a> by <a href=""https://pixabay.com/users/congerdesign-509903/"">congerdesign</a> / <a href=""https://pixabay.com/service/license-summary/"">Pixabay content license</a></p>","Crafts, Games and Play",Adults (Adults: 18 and up),English,Event Page: Puzzlemania for Adults (https://chipublib.bibliocommons.com/events/697157b07d180d0d4831076d),Chicago Bee,2nd floor computer lab,2026-12-14T12:30:00.000,2026-12-14T19:30:00.000,FALSE,FALSE,TRUE,,,FALSE,NOT REQUIRED,3647 S. State Street,60609,POINT (-87.626315 41.82818),Monday,697157b07d180d0d4831076d
Baby Story Time,"<p>Join us for this story time for our youngest patrons! We share rhymes, songs and books. Come prepared to sit with your child on your lap.&nbsp;<br></p>
<p>For children birth to 24 months&nbsp;with an adult.<br></p>
<p><strong>Accessibility<br></strong>Need sign language interpretation or other accessibility assistance for this event? Please call (312) 747-8184 or email <a href=""mailto:access@chipublib.org"" target=""_blank"" rel=""noreferrer noopener"">access@chipublib.org</a> to request accommodations. Requests must be made at least 14 business days before the event.<br></p>",Story Time,Babies (Babies: 0 to 18 months) | Toddlers (Toddlers: 18 to 36 months),English,Event Page:  Baby Story Time  (https://chipublib.bibliocommons.com/events/697276496c126d0e4895a7ad),Albany Park,,2026-04-20T10:30:00.000,2026-04-20T11:00:00.000,FALSE,FALSE,TRUE,,,FALSE,NOT REQUIRED,3401 W. Foster Avenue,60625-4808,POINT (-87.7138532 41.975965),Monday,697276496c126d0e4895a7ad
Learn to play Dungeons and Dragons,<p>Do you love playing Dungeons and Dragons but don’t currently have a group? Have you always wanted to play but don’t know how? Come join us to learn how to play D&D.<br><br><strong>Accessibility</strong><br>Need sign language interpretation or other accessibility assistance for this event? Please call (312) 747-8184 or email access@chipublib.org to request accommodations. Requests must be made at least 14 business days before the event.<br></p>,"Crafts, Games and Play",Teens (Teens: 13 to 19 years),English,Event Page: Learn to play Dungeons and Dragons (https://chipublib.bibliocommons.com/events/6978fc7b1e64afd01e570d76),Pullman,,2026-06-20T14:00:00.000,2026-06-20T16:00:00.000,FALSE,FALSE,FALSE,,2026-06-20T14:00:00.000,FALSE,ACTIVE,11001 S. Indiana Avenue,60628,POINT (-87.618107 41.694353),Saturday,6978fc7b1e64afd01e570d76
Preschool Story Time,"<p>Join us for&nbsp;stories and songs followed by time for coloring, crafts or&nbsp;open play.</p>
<p>For children 2 to 5 with an adult.&nbsp;<br></p>
<p><strong>Accessibility</strong><br>Need sign language interpretation or other accessibility assistance for this event? Please call (312) 747-8184 or email <a href=""mailto:access@chipublib.org"" target=""_blank"" rel=""noreferrer noopener"">access@chipublib.org</a> to request accommodations. Requests must be made at least 14 business days before the event.</p>","Crafts, Games and Play | Story Time",Preschoolers (Preschoolers: 3 to 5 years) | Toddlers (Toddlers: 18 to 36 months),English,Event Page: Preschool Story Time  (https://chipublib.bibliocommons.com/events/697a6409d34a4e759283db79),King (Closed),,2026-04-01T10:30:00.000,2026-04-01T11:30:00.000,FALSE,TRUE,TRUE,,,FALSE,NOT REQUIRED,3436 S. King Drive,60616,POINT (-87.61753 41.832264),Wednesday,697a6409d34a4e759283db79
Financial Literacy for Tweens and Teens,"<p><strong></strong>This lecture,&nbsp;Mastering Your Budget will be presented&nbsp;by Leticia Andrade.&nbsp;Leticia Andrade is a lifelong Chicagoan, bilingual (English/Spanish) Illinois Real Estate Broker, and passionate community advocate. Licensed since 2005, she brings real-world experience from real estate, banking, insurance and homeownership—having purchased her first home at just 23 years old. </p>
<p>Leticia loves giving back and is especially passionate about teaching tweens and teens&nbsp;the basics of financial literacy in a fun, relatable, and empowering way. Her goal is to help families build confidence, knowledge, and brighter financial futures—one lesson at a time.</p>
<p>For ages 12-17. Children under 11 years old must be accompanied by a parent or guardian.<strong><strong><br></strong></strong><strong><strong><strong><br></strong></strong></strong></p>
<p><strong>How to Attend</strong> <br>Register by the start of the event. Chicago Public Library cannot collect personal information online from kids 0 to 13. A parent or guardian’s email address must be used to register. As a reminder, school email addresses may block external emails such as those from CPL. </p>
<p>Due to space limitations, please include the total number of children and adults as attendees when you register.&nbsp;</p>
<p><strong><strong>Accessibility</strong></strong><br>Need sign language interpretation or other accessibility assistance for this event? Please call (312) 747-8184 or email <a href=""mailto:access@chipublib.org"">access@chipublib.org</a> to request accommodations. Requests must be made at least 14 business days before the event.<br></p>",Lectures,Teens (Teens: 13 to 19 years) | Tweens (Tweens: 10 to 13 years),English,Event Page: Financial Literacy for Tweens and Teens (https://chipublib.bibliocommons.com/events/697b86571e64afd01e579a23),Roden,,2026-04-18T13:00:00.000,2026-04-18T14:30:00.000,FALSE,FALSE,TRUE,,2026-04-18T13:00:00.000,FALSE,ACTIVE,6083 N. Northwest Highway,60631,POINT (-87.798205 41.992026),Saturday,697b86571e64afd01e579a23
Teen Grab and Go Kits,"<p>Stop by the branch to pick up a grab and go kit. Every two weeks&nbsp;will be something different. You can also hang out and do your kit with us in the branch. While supplies last.<br></p>

<p>For teens 13 to 19.</p>
<p><strong><strong>Accessibility</strong></strong><br>Need sign language interpretation or other accessibility assistance for this event? Please call (312) 747-8184 or email <a href=""mailto:access@chipublib.org"">access@chipublib.org</a> to request accommodations. Requests must be made at least 14 business days before the event.<br></p>","Crafts, Games and Play | DIY",Teens (Teens: 13 to 19 years),English,Event Page: Teen Grab and Go Kits (https://chipublib.bibliocommons.com/events/697ce69b8ef687c592a6671a),Scottsdale,,2026-05-28T15:30:00.000,2026-05-28T16:00:00.000,FALSE,FALSE,TRUE,,,FALSE,NOT REQUIRED,4101 W. 79th Street,60652,POINT (-87.724482 41.749263),Thursday,697ce69b8ef687c592a6671a
Tales for Twos and Threes,"<p>Join us for stories, songs and rhymes followed by a simple craft and open play.</p>
<p>For children 18 months to 5 with a caregiver.</p>
<p><strong>Accessibility<br></strong><strong></strong>Need sign language interpretation or other accessibility assistance for this event? Please call (312) 747-8184 or email <a href=""mailto:access@chipublib.org"" target=""_blank"" rel=""noreferrer noopener"">access@chipublib.org</a> to request accommodations. Requests must be made at least 14 business days before the event.<br>

</p>",Story Time,Preschoolers (Preschoolers: 3 to 5 years) | Toddlers (Toddlers: 18 to 36 months),English,Event Page: Tales for Twos and Threes (https://chipublib.bibliocommons.com/events/6980c8bc491b809c6f16fe0d),Mayfair,,2026-05-21T10:30:00.000,2026-05-21T11:15:00.000,FALSE,FALSE,TRUE,,,FALSE,NOT REQUIRED,4400 W. Lawrence Avenue,60630,POINT (-87.7381 41.9682),Thursday,6980c8bc491b809c6f16fe0d
Film Screening: Cool Hand Luke (1967),"<figure><img src=""https://chipublib.bibliocommons.com/events/uploads/images/full/172919db1c21cb5d582d79cfbfad1342/luke.jpg"" data-image=""695d67b1a0dcc142c97920be""></figure>
<p><br></p><p>Join us for a Sunday matinee&nbsp;screening of Cool Hand Luke.</p>
<p>Academy Award winner Paul Newman stars with George Kennedy in this story of a man who will not surrender to authority--even at the cost of his life. When Luke Jackson (Newman) is sentenced to a Southern prison for a minor infraction, his intelligence, calm under pressure and inability to accept defeat soon gain him the respect of his fellow inmates on the chain gang--and the nickname Cool Hand Luke. But they also earn Luke the enmity of the warden, who cannot allow any inmate to challenge his authority. When Luke's mother dies, he decides to escape ... and he will not allow anyone to stop him.<br><br>©Warner Bros.&nbsp;-- 126 minutes. -- TV-14.</p>
<p><a href=""https://chipublib.bibliocommons.com/events/search/fq=program:(5c9261756fdc8d742d2296a5)"" target=""_blank"" title=""https://chipublib.bibliocommons.com/events/search/fq=program:(5c9261756fdc8d742d2296a5)"">Community Cinema</a> is at a branch near you! Check out hundreds of other screenings at libraries across Chicago.<br></p>
<p><strong>How to Attend</strong> <br>
This event takes place in person. Masks are strongly encouraged in all CPL locations. Questions about visiting the library? Check out our <a href=""https://www.chipublib.org/faq/covid-19-response/#using-the-library"" target=""_blank"">Using the Library FAQs</a>. <br></p>
<p><strong>Accessibility<br></strong>English subtitles for the deaf and hard of hearing will be available for this screening.<br></p>","Art, Movies and Performances",Adults (Adults: 18 and up),English,Event Page: Film Screening: Cool Hand Luke (1967) (https://chipublib.bibliocommons.com/events/69812569377f55c8ec175617),Oriole Park,Community Room,2026-03-29T14:00:00.000,2026-03-29T16:00:00.000,FALSE,FALSE,FALSE,,,FALSE,NOT REQUIRED,7454 W. Balmoral Avenue,60656,POINT (-87.813665 41.978137),Sunday,69812569377f55c8ec175617
Cookie Club,"<p>Read and relax at our kids-only book club.&nbsp;This book&nbsp;club is for kids who wish to spend an hour reading books they want to read and eating cookies. Option to share about what you read with others.&nbsp;Cookies provided. Related games available.</p>
<p>This program is part of Chicago Public Library's <em>Jump into Reading</em> initiative.  </p>
<p>For readers 6 and up.</p>
<p><strong>Accessibility</strong><br>Need sign language interpretation or other accessibility assistance for this event? Please call (312) 747-8184 or email <a href=""mailto:access@chipublib.org"" target=""_blank"" rel=""noreferrer noopener""><strong>access@chipublib.org</strong></a> to request accommodations. Requests must be made at least 14 business days before the event.</p>",Book Clubs,Kids (Kids: 6 to 13 years) | Tweens (Tweens: 10 to 13 years),English,Event Page: Cookie Club (https://chipublib.bibliocommons.com/events/6994a3d24dacf581ff7be3e5),Independence,,2026-04-02T16:30:00.000,2026-04-02T17:30:00.000,FALSE,FALSE,FALSE,,,FALSE,NOT REQUIRED,4024 N. Elston Avenue,60618,POINT (-87.7203136 41.954157),Thursday,6994a3d24dacf581ff7be3e5
Chicago Mini Musicians,"<figure><img src=""https://chipublib.bibliocommons.com/events/uploads/images/full/43ba06265f427e127bcc9c32c38cb24f/image.png"" data-image=""67899a465ca5ec68c1c1fa6f""></figure>
<p>Join the award-winning Chicago Mini Musicians for an interactive music class for young children and their families!&nbsp; Led by the exuberant Mr. Xavier, these fun and skill-building classes bring music to life with singing, dancing, and interactive play.</p>
<p>Children will explore a variety of handheld instruments like shaker eggs, rhythm sticks, and sand blocks, along with colorful props such as peek-a-boo/dancing scarves and a giant parachute. Together, we’ll move, groove, and make joyful musical memories.<br></p>
<p>For ages 2 to 4.</p>
<p><strong><strong>How to Attend<br></strong></strong>Register by the start of the event.&nbsp;Chicago Public Library cannot collect personal information online from kids 0 to 13. A parent or guardian’s email address must be used to register. As a reminder, school email addresses may block external emails such as those from CPL.</p><p>Due to space limitations, please include the total number of children and adults as attendees when you register.<strong><strong><strong></strong></strong></strong></p><p><strong><strong><strong></strong></strong></strong><strong><strong>Accessibility</strong></strong><br>Need sign language interpretation or other accessibility assistance for this event? Please call (312) 747-8184 or email <a href=""mailto:access@chipublib.org"">access@chipublib.org</a> to request accommodations. Requests must be made at least 14 business days before the event.<br></p>
<p>Photo source: Chicago Mini Musicians<br></p>",Story Time,Preschoolers (Preschoolers: 3 to 5 years) | Toddlers (Toddlers: 18 to 36 months),English,Event Page: Chicago Mini Musicians (https://chipublib.bibliocommons.com/events/6994a76c4dacf581ff7be4df),Independence,,2026-04-22T10:15:00.000,2026-04-22T11:15:00.000,FALSE,FALSE,FALSE,,2026-04-22T10:15:00.000,FALSE,ACTIVE,4024 N. Elston Avenue,60618,POINT (-87.7203136 41.954157),Wednesday,6994a76c4dacf581ff7be4df
Adult Book Discussion: Yellowface,"<p>Join the Mount Greenwood Branch this April for a book discussion of&nbsp;<a id=""ember12566"" data-add-title-link=""2497967126"" href=""/item/show/2497967126"">Yellowface</a>&nbsp;by R.F. Kuang.</p>
<p>You may pick up a copy of the book for check out at the Mount Greenwood Branch circulation desk.<br></p>
<p><strong>Accessibility</strong><br>Need sign language interpretation or other accessibility assistance for this event? Please call (312) 747-8184 or email <u><a href=""mailto:access@chipublib.org"" target=""_blank"">access@chipublib.org</a></u> to request accommodations. Requests must be made at least 14 business days before the event.</p>",Book Clubs,Adults (Adults: 18 and up) | Seniors (Seniors: 55 and up),English,Event Page: Adult Book Discussion: Yellowface (https://chipublib.bibliocommons.com/events/6994de806724c63d00f356cd),Mount Greenwood,,2026-04-30T13:00:00.000,2026-04-30T14:30:00.000,FALSE,FALSE,FALSE,,,FALSE,NOT REQUIRED,11010 S. Kedzie Avenue,60655,POINT (-87.701067 41.693103),Thursday,6994de806724c63d00f356cd
Adult Book Discussion: Lady Tan's Circle of Women,"<p>Join us for a friendly conversation of <a id=""ember14445"" data-add-title-link=""2507127126"" href=""/item/show/2507127126"">Lady Tan's Circle of Women</a> by Lisa See&nbsp;at our latest monthly book discussion. Copies of the book are available for checkout at the Circulation Desk.<br><br>According to Confucius, ""an educated woman is a worthless woman,"" but Tan Yunxian-born into an elite family, yet haunted by death, separations, and loneliness-is being raised by her grandparents to be of use. Her grandmother is one of only a handful of female doctors in China, and she teaches Yunxian the pillars of Chinese medicine, the Four Examinations-looking, listening, touching, and asking-something a man can never do with a female patient. From a young age, Yunxian learns about women's illnesses, many of which relate to childbearing, alongside a young midwife-in-training, Meiling. The two girls find fast friendship and a mutual purpose-despite the prohibition that a doctor should never touch blood while a midwife comes in frequent contact with it-and they vow to be forever friends, sharing in each other's joys and struggles. No mud, no lotus, they tell themselves: from adversity beauty can bloom. But when Yunxian is sent into an arranged marriage, her mother-in-law forbids her from seeing Meiling and from helping the women and girls in the household. Yunxian is to act like a proper wife-embroider bound-foot slippers, pluck instruments, recite poetry, give birth to sons, and stay forever within the walls of the family compound, the Garden of Fragrant Delights. How might a woman like Yunxian break free of these traditions, go on to treat women and girls from every level of society, and lead a life of such importance that many of her remedies are still used five centuries later? How might the power of friendship support or complicate these efforts?<br></p>
<p><strong><strong>Accessibility</strong></strong><br>Need sign language interpretation or other accessibility assistance for this event? Please call (312) 747-8184 or email <a href=""mailto:access@chipublib.org"">access@chipublib.org</a> to request accommodations. Requests must be made at least 14 business days before the event.<br></p>",Book Clubs,Adults (Adults: 18 and up) | Seniors (Seniors: 55 and up),English,Event Page: Adult Book Discussion: Lady Tan's Circle of Women (https://chipublib.bibliocommons.com/events/699758afb48451fc3c03c37a),Archer Heights,,2026-04-22T13:00:00.000,2026-04-22T14:00:00.000,FALSE,FALSE,FALSE,,,FALSE,NOT REQUIRED,5055 S. Archer Avenue,60632,POINT (-87.726459 41.80105),Wednesday,699758afb48451fc3c03c37a
Sijo and Sijo-song: Korea's Poetry Form with Lucy Park,"<figure><img src=""https://chipublib.bibliocommons.com/events/uploads/images/full/fdfa7fa5117d52f8a62fe1a372069f5f/lucy_2016_b.jpg"" data-image=""67bf7ec9bd7c6c2800fd444c"" width=""184.72666666666666"" height=""242"" style=""width: 184.727px; height: 242px;""></figure>
<p>In celebration of Poetry Month, you will learn about Sijo, Korean poetic form and create Sijo-songs using your own Sijo or winning entries from the <a title=""https://www.sejongculturalsociety.org/resources/resources.php#sijo"" data-auth=""NotApplicable"" rel=""noopener noreferrer"" target=""_blank"" href=""https://www.sejongculturalsociety.org/resources/resources.php#sijo"" data-linkindex=""0"">Sejong Cultural Society</a>'s Sijo contest. Lucy Park, author of the<a title=""https://www.amazon.com/Sijo-Koreas-Poetry-Lucy-Park/dp/163519041X"" data-auth=""NotApplicable"" rel=""noopener noreferrer"" target=""_blank"" href=""https://www.amazon.com/Sijo-Koreas-Poetry-Lucy-Park/dp/163519041X"" data-linkindex=""1""> Sijo: Korea's Poetry Form</a> and executive director of the Sejong Cultural Society, will lead a Sijo workshop and introduce a various Sijo-songs, from traditional Sijo-Chang (時調唱), boasting a 700-years history, to modern Sijo-song pieces created using the AI-based music production program <a title=""https://suno.com/home"" data-auth=""NotApplicable"" rel=""noopener noreferrer"" target=""_blank"" href=""https://suno.com/home"" data-linkindex=""2"">Suno</a>.&nbsp;<br></p>
<p>Lucy Park is the Executive Director of the Sejong Cultural Society, a Chicago-based nonprofit organization. A sijo poet, she has been teaching this traditional Korean poetry form for over 15 years across the United States. Her book, SIJO: Korea's Poetry Form, was awarded the Franklin Buchanan Prize by the Association for Asian Studies for its excellence as an outstanding instructional resource.<br><br><strong>Accessibility<br></strong>Need sign language interpretation or other accessibility assistance for this event? Please call (312) 747-8184 or email <a id=""OWA97ae68b4-ac6c-fce3-3184-c381af503fc9"" href=""mailto:access@chipublib.org"" title=""mailto:access@chipublib.org"" data-linkindex=""0"">access@chipublib.org</a> to request accommodations. Requests must be made at least 14 business days before the event.</p>
<p>Photo provided by the presenter<br></p>",Writing and Poetry,Adults (Adults: 18 and up),English | Korean (한국어),Event Page: Sijo and Sijo-song: Korea's Poetry Form with Lucy Park  (https://chipublib.bibliocommons.com/events/6997593081b67dfe32a76f5f),Budlong Woods,,2026-04-04T11:00:00.000,2026-04-04T12:00:00.000,TRUE,FALSE,FALSE,,2026-04-04T11:00:00.000,FALSE,ACTIVE,5630 N. Lincoln Avenue,60659,POINT (-87.696471 41.983722),Saturday,6997593081b67dfe32a76f5f
Adult Book Discussion,"<p>Please join us for&nbsp;a lively discussion of our latest book title. For this month's book title, please contact the West Lawn Branch at 312-747-7381.</p>
<p>Copies of the book are available through our website or&nbsp;by calling your local branch.&nbsp;There will be copies of the book held at the West Lawn&nbsp;Branch Library behind the circulation desk.<br></p>
<p>This event is for ages 18 and up.</p>
<p>&nbsp;<strong><strong>Accessibility</strong></strong></p><p>Need sign language interpretation or other accessibility assistance for this event? Please call (312) 747-8184 or email <a href=""mailto:access@chipublib.org"">access@chipublib.org</a> to request accommodations. Requests must be made at least 14 business days before the event. </p>",Book Clubs,Adults (Adults: 18 and up),English,Event Page: Adult Book Discussion (https://chipublib.bibliocommons.com/events/6997655c3cc3e0c9ecba45ba),West Lawn,,2026-06-15T18:00:00.000,2026-06-15T19:30:00.000,FALSE,FALSE,TRUE,,2026-06-15T18:00:00.000,FALSE,ACTIVE,4020 W. 63rd Street,60629,POINT (-87.723538 41.778837),Monday,6997655c3cc3e0c9ecba45ba